"experiment_file","experiment_path","image","key","key_time","logfile","phase","playtime","setSize","subject_nr","timestamp","waittime"
"MU.osexp","C:\Users\Public\Experiments\SM01\05-WMC\MU","ready1.png","NA","NA","C:/Users/Public/Experiments/SM01/05-WMC/MU/MU_results/MUsbj038.csv","pre","0","3","38","81260","NA"
"MU.osexp","C:\Users\Public\Experiments\SM01\05-WMC\MU","fixation.png","NA","NA","C:/Users/Public/Experiments/SM01/05-WMC/MU/MU_results/MUsbj038.csv","fix","1500","3","38","82124","NA"
"MU.osexp","C:\Users\Public\Experiments\SM01\05-WMC\MU","Tr1_study1.png","NA","NA","C:/Users/Public/Experiments/SM01/05-WMC/MU/MU_results/MUsbj038.csv","study","1000","3","38","83744","84746"
"MU.osexp","C:\Users\Public\Experiments\SM01\05-WMC\MU","Tr1_study2.png","NA","NA","C:/Users/Public/Experiments/SM01/05-WMC/MU/MU_results/MUsbj038.csv","study","1000","3","38","85111","86113"
"MU.osexp","C:\Users\Public\Experiments\SM01\05-WMC\MU","Tr1_study3.png","NA","NA","C:/Users/Public/Experiments/SM01/05-WMC/MU/MU_results/MUsbj038.csv","study","1000","3","38","86488","87490"
"MU.osexp","C:\Users\Public\Experiments\SM01\05-WMC\MU","Tr1_update1.png","NA","NA","C:/Users/Public/Experiments/SM01/05-WMC/MU/MU_results/MUsbj038.csv","update","1300","3","38","87830","89132"
"MU.osexp","C:\Users\Public\Experiments\SM01\05-WMC\MU","Tr1_update2.png","NA","NA","C:/Users/Public/Experiments/SM01/05-WMC/MU/MU_results/MUsbj038.csv","update","1300","3","38","89497","90799"
"MU.osexp","C:\Users\Public\Experiments\SM01\05-WMC\MU","Tr1_update3.png","NA","NA","C:/Users/Public/Experiments/SM01/05-WMC/MU/MU_results/MUsbj038.csv","update","1300","3","38","91137","92439"
"MU.osexp","C:\Users\Public\Experiments\SM01\05-WMC\MU","Tr1_test1.png","9","97455","C:/Users/Public/Experiments/SM01/05-WMC/MU/MU_results/MUsbj038.csv","test","0","3","38","92815","97456"
"MU.osexp","C:\Users\Public\Experiments\SM01\05-WMC\MU","Tr1_test2.png","4","108072","C:/Users/Public/Experiments/SM01/05-WMC/MU/MU_results/MUsbj038.csv","test","0","3","38","98567","108073"
"MU.osexp","C:\Users\Public\Experiments\SM01\05-WMC\MU","Tr1_test3.png","2","111008","C:/Users/Public/Experiments/SM01/05-WMC/MU/MU_results/MUsbj038.csv","test","0","3","38","109162","111008"
"MU.osexp","C:\Users\Public\Experiments\SM01\05-WMC\MU","wait.png","2","111008","C:/Users/Public/Experiments/SM01/05-WMC/MU/MU_results/MUsbj038.csv","wait","5000","3","38","112099","111008"
"MU.osexp","C:\Users\Public\Experiments\SM01\05-WMC\MU","fixation.png","2","111008","C:/Users/Public/Experiments/SM01/05-WMC/MU/MU_results/MUsbj038.csv","fix","1500","3","38","117182","111008"
"MU.osexp","C:\Users\Public\Experiments\SM01\05-WMC\MU","Tr2_study1.png","2","111008","C:/Users/Public/Experiments/SM01/05-WMC/MU/MU_results/MUsbj038.csv","study","1000","3","38","118806","119809"
"MU.osexp","C:\Users\Public\Experiments\SM01\05-WMC\MU","Tr2_study2.png","2","111008","C:/Users/Public/Experiments/SM01/05-WMC/MU/MU_results/MUsbj038.csv","study","1000","3","38","120164","121165"
"MU.osexp","C:\Users\Public\Experiments\SM01\05-WMC\MU","Tr2_study3.png","2","111008","C:/Users/Public/Experiments/SM01/05-WMC/MU/MU_results/MUsbj038.csv","study","1000","3","38","121498","122500"
"MU.osexp","C:\Users\Public\Experiments\SM01\05-WMC\MU","Tr2_update1.png","2","111008","C:/Users/Public/Experiments/SM01/05-WMC/MU/MU_results/MUsbj038.csv","update","1300","3","38","122855","124157"
"MU.osexp","C:\Users\Public\Experiments\SM01\05-WMC\MU","Tr2_update2.png","2","111008","C:/Users/Public/Experiments/SM01/05-WMC/MU/MU_results/MUsbj038.csv","update","1300","3","38","124536","125838"
"MU.osexp","C:\Users\Public\Experiments\SM01\05-WMC\MU","Tr2_update3.png","2","111008","C:/Users/Public/Experiments/SM01/05-WMC/MU/MU_results/MUsbj038.csv","update","1300","3","38","126217","127519"
"MU.osexp","C:\Users\Public\Experiments\SM01\05-WMC\MU","Tr2_test1.png","4","130015","C:/Users/Public/Experiments/SM01/05-WMC/MU/MU_results/MUsbj038.csv","test","0","3","38","127852","130016"
"MU.osexp","C:\Users\Public\Experiments\SM01\05-WMC\MU","Tr2_test2.png","6","132175","C:/Users/Public/Experiments/SM01/05-WMC/MU/MU_results/MUsbj038.csv","test","0","3","38","131111","132176"
"MU.osexp","C:\Users\Public\Experiments\SM01\05-WMC\MU","Tr2_test3.png","7","138168","C:/Users/Public/Experiments/SM01/05-WMC/MU/MU_results/MUsbj038.csv","test","0","3","38","133274","138169"
"MU.osexp","C:\Users\Public\Experiments\SM01\05-WMC\MU","ready2.png","7","138168","C:/Users/Public/Experiments/SM01/05-WMC/MU/MU_results/MUsbj038.csv","pre","0","3","38","151890","138169"
"MU.osexp","C:\Users\Public\Experiments\SM01\05-WMC\MU","fixation.png","7","138168","C:/Users/Public/Experiments/SM01/05-WMC/MU/MU_results/MUsbj038.csv","fix","1500","3","38","154854","138169"
"MU.osexp","C:\Users\Public\Experiments\SM01\05-WMC\MU","Tr3_study1.png","7","138168","C:/Users/Public/Experiments/SM01/05-WMC/MU/MU_results/MUsbj038.csv","study","1000","3","38","156487","157489"
"MU.osexp","C:\Users\Public\Experiments\SM01\05-WMC\MU","Tr3_study2.png","7","138168","C:/Users/Public/Experiments/SM01/05-WMC/MU/MU_results/MUsbj038.csv","study","1000","3","38","157822","158824"
"MU.osexp","C:\Users\Public\Experiments\SM01\05-WMC\MU","Tr3_study3.png","7","138168","C:/Users/Public/Experiments/SM01/05-WMC/MU/MU_results/MUsbj038.csv","study","1000","3","38","159179","160181"
"MU.osexp","C:\Users\Public\Experiments\SM01\05-WMC\MU","Tr3_update1.png","7","138168","C:/Users/Public/Experiments/SM01/05-WMC/MU/MU_results/MUsbj038.csv","update","1300","3","38","160534","161836"
"MU.osexp","C:\Users\Public\Experiments\SM01\05-WMC\MU","Tr3_update2.png","7","138168","C:/Users/Public/Experiments/SM01/05-WMC/MU/MU_results/MUsbj038.csv","update","1300","3","38","162177","163479"
"MU.osexp","C:\Users\Public\Experiments\SM01\05-WMC\MU","Tr3_update3.png","7","138168","C:/Users/Public/Experiments/SM01/05-WMC/MU/MU_results/MUsbj038.csv","update","1300","3","38","163814","165116"
"MU.osexp","C:\Users\Public\Experiments\SM01\05-WMC\MU","Tr3_test1.png","9","166831","C:/Users/Public/Experiments/SM01/05-WMC/MU/MU_results/MUsbj038.csv","test","0","3","38","165475","166832"
"MU.osexp","C:\Users\Public\Experiments\SM01\05-WMC\MU","Tr3_test2.png","7","168688","C:/Users/Public/Experiments/SM01/05-WMC/MU/MU_results/MUsbj038.csv","test","0","3","38","167924","168689"
"MU.osexp","C:\Users\Public\Experiments\SM01\05-WMC\MU","Tr3_test3.png","7","170320","C:/Users/Public/Experiments/SM01/05-WMC/MU/MU_results/MUsbj038.csv","test","0","3","38","169791","170321"
"MU.osexp","C:\Users\Public\Experiments\SM01\05-WMC\MU","wait.png","7","170320","C:/Users/Public/Experiments/SM01/05-WMC/MU/MU_results/MUsbj038.csv","wait","5000","4","38","171410","170321"
"MU.osexp","C:\Users\Public\Experiments\SM01\05-WMC\MU","fixation.png","7","170320","C:/Users/Public/Experiments/SM01/05-WMC/MU/MU_results/MUsbj038.csv","fix","1500","4","38","176505","170321"
"MU.osexp","C:\Users\Public\Experiments\SM01\05-WMC\MU","Tr4_study1.png","7","170320","C:/Users/Public/Experiments/SM01/05-WMC/MU/MU_results/MUsbj038.csv","study","1000","4","38","178123","179125"
"MU.osexp","C:\Users\Public\Experiments\SM01\05-WMC\MU","Tr4_study2.png","7","170320","C:/Users/Public/Experiments/SM01/05-WMC/MU/MU_results/MUsbj038.csv","study","1000","4","38","179467","180469"
"MU.osexp","C:\Users\Public\Experiments\SM01\05-WMC\MU","Tr4_study3.png","7","170320","C:/Users/Public/Experiments/SM01/05-WMC/MU/MU_results/MUsbj038.csv","study","1000","4","38","180837","181839"
"MU.osexp","C:\Users\Public\Experiments\SM01\05-WMC\MU","Tr4_study4.png","7","170320","C:/Users/Public/Experiments/SM01/05-WMC/MU/MU_results/MUsbj038.csv","study","1000","4","38","182182","183184"
"MU.osexp","C:\Users\Public\Experiments\SM01\05-WMC\MU","Tr4_update1.png","7","170320","C:/Users/Public/Experiments/SM01/05-WMC/MU/MU_results/MUsbj038.csv","update","1300","4","38","183551","184853"
"MU.osexp","C:\Users\Public\Experiments\SM01\05-WMC\MU","Tr4_update2.png","7","170320","C:/Users/Public/Experiments/SM01/05-WMC/MU/MU_results/MUsbj038.csv","update","1300","4","38","185198","186500"
"MU.osexp","C:\Users\Public\Experiments\SM01\05-WMC\MU","Tr4_update3.png","7","170320","C:/Users/Public/Experiments/SM01/05-WMC/MU/MU_results/MUsbj038.csv","update","1300","4","38","187033","188335"
"MU.osexp","C:\Users\Public\Experiments\SM01\05-WMC\MU","Tr4_update4.png","7","170320","C:/Users/Public/Experiments/SM01/05-WMC/MU/MU_results/MUsbj038.csv","update","1300","4","38","188667","189969"
"MU.osexp","C:\Users\Public\Experiments\SM01\05-WMC\MU","Tr4_test1.png","3","192592","C:/Users/Public/Experiments/SM01/05-WMC/MU/MU_results/MUsbj038.csv","test","0","4","38","190327","192593"
"MU.osexp","C:\Users\Public\Experiments\SM01\05-WMC\MU","Tr4_test2.png","5","196640","C:/Users/Public/Experiments/SM01/05-WMC/MU/MU_results/MUsbj038.csv","test","0","4","38","193704","196641"
"MU.osexp","C:\Users\Public\Experiments\SM01\05-WMC\MU","Tr4_test3.png","1","198752","C:/Users/Public/Experiments/SM01/05-WMC/MU/MU_results/MUsbj038.csv","test","0","4","38","197739","198753"
"MU.osexp","C:\Users\Public\Experiments\SM01\05-WMC\MU","Tr4_test4.png","7","200295","C:/Users/Public/Experiments/SM01/05-WMC/MU/MU_results/MUsbj038.csv","test","0","4","38","199846","200296"
"MU.osexp","C:\Users\Public\Experiments\SM01\05-WMC\MU","wait.png","7","200295","C:/Users/Public/Experiments/SM01/05-WMC/MU/MU_results/MUsbj038.csv","wait","5000","3","38","201431","200296"
"MU.osexp","C:\Users\Public\Experiments\SM01\05-WMC\MU","fixation.png","7","200295","C:/Users/Public/Experiments/SM01/05-WMC/MU/MU_results/MUsbj038.csv","fix","1500","3","38","206541","200296"
"MU.osexp","C:\Users\Public\Experiments\SM01\05-WMC\MU","Tr5_study1.png","7","200295","C:/Users/Public/Experiments/SM01/05-WMC/MU/MU_results/MUsbj038.csv","study","1000","3","38","208155","209157"
"MU.osexp","C:\Users\Public\Experiments\SM01\05-WMC\MU","Tr5_study2.png","7","200295","C:/Users/Public/Experiments/SM01/05-WMC/MU/MU_results/MUsbj038.csv","study","1000","3","38","209509","210511"
"MU.osexp","C:\Users\Public\Experiments\SM01\05-WMC\MU","Tr5_study3.png","7","200295","C:/Users/Public/Experiments/SM01/05-WMC/MU/MU_results/MUsbj038.csv","study","1000","3","38","210882","211884"
"MU.osexp","C:\Users\Public\Experiments\SM01\05-WMC\MU","Tr5_update1.png","7","200295","C:/Users/Public/Experiments/SM01/05-WMC/MU/MU_results/MUsbj038.csv","update","1300","3","38","212254","213556"
"MU.osexp","C:\Users\Public\Experiments\SM01\05-WMC\MU","Tr5_update2.png","7","200295","C:/Users/Public/Experiments/SM01/05-WMC/MU/MU_results/MUsbj038.csv","update","1300","3","38","213916","215218"
"MU.osexp","C:\Users\Public\Experiments\SM01\05-WMC\MU","Tr5_update3.png","7","200295","C:/Users/Public/Experiments/SM01/05-WMC/MU/MU_results/MUsbj038.csv","update","1300","3","38","215551","216853"
"MU.osexp","C:\Users\Public\Experiments\SM01\05-WMC\MU","Tr5_update4.png","7","200295","C:/Users/Public/Experiments/SM01/05-WMC/MU/MU_results/MUsbj038.csv","update","1300","3","38","217208","218510"
"MU.osexp","C:\Users\Public\Experiments\SM01\05-WMC\MU","Tr5_update5.png","7","200295","C:/Users/Public/Experiments/SM01/05-WMC/MU/MU_results/MUsbj038.csv","update","1300","3","38","218865","220167"
"MU.osexp","C:\Users\Public\Experiments\SM01\05-WMC\MU","Tr5_update6.png","7","200295","C:/Users/Public/Experiments/SM01/05-WMC/MU/MU_results/MUsbj038.csv","update","1300","3","38","220536","221839"
"MU.osexp","C:\Users\Public\Experiments\SM01\05-WMC\MU","Tr5_test1.png","4","223840","C:/Users/Public/Experiments/SM01/05-WMC/MU/MU_results/MUsbj038.csv","test","0","3","38","222208","223841"
"MU.osexp","C:\Users\Public\Experiments\SM01\05-WMC\MU","Tr5_test2.png","1","229120","C:/Users/Public/Experiments/SM01/05-WMC/MU/MU_results/MUsbj038.csv","test","0","3","38","224931","229121"
"MU.osexp","C:\Users\Public\Experiments\SM01\05-WMC\MU","Tr5_test3.png","6","230872","C:/Users/Public/Experiments/SM01/05-WMC/MU/MU_results/MUsbj038.csv","test","0","3","38","230235","230873"
"MU.osexp","C:\Users\Public\Experiments\SM01\05-WMC\MU","wait.png","6","230872","C:/Users/Public/Experiments/SM01/05-WMC/MU/MU_results/MUsbj038.csv","wait","5000","4","38","231976","230873"
"MU.osexp","C:\Users\Public\Experiments\SM01\05-WMC\MU","fixation.png","6","230872","C:/Users/Public/Experiments/SM01/05-WMC/MU/MU_results/MUsbj038.csv","fix","1500","4","38","237083","230873"
"MU.osexp","C:\Users\Public\Experiments\SM01\05-WMC\MU","Tr6_study1.png","6","230872","C:/Users/Public/Experiments/SM01/05-WMC/MU/MU_results/MUsbj038.csv","study","1000","4","38","238695","239697"
"MU.osexp","C:\Users\Public\Experiments\SM01\05-WMC\MU","Tr6_study2.png","6","230872","C:/Users/Public/Experiments/SM01/05-WMC/MU/MU_results/MUsbj038.csv","study","1000","4","38","240195","241197"
"MU.osexp","C:\Users\Public\Experiments\SM01\05-WMC\MU","Tr6_study3.png","6","230872","C:/Users/Public/Experiments/SM01/05-WMC/MU/MU_results/MUsbj038.csv","study","1000","4","38","241575","242577"
"MU.osexp","C:\Users\Public\Experiments\SM01\05-WMC\MU","Tr6_study4.png","6","230872","C:/Users/Public/Experiments/SM01/05-WMC/MU/MU_results/MUsbj038.csv","study","1000","4","38","242928","243930"
"MU.osexp","C:\Users\Public\Experiments\SM01\05-WMC\MU","Tr6_update1.png","6","230872","C:/Users/Public/Experiments/SM01/05-WMC/MU/MU_results/MUsbj038.csv","update","1300","4","38","244297","245599"
"MU.osexp","C:\Users\Public\Experiments\SM01\05-WMC\MU","Tr6_update2.png","6","230872","C:/Users/Public/Experiments/SM01/05-WMC/MU/MU_results/MUsbj038.csv","update","1300","4","38","245938","247240"
"MU.osexp","C:\Users\Public\Experiments\SM01\05-WMC\MU","Tr6_update3.png","6","230872","C:/Users/Public/Experiments/SM01/05-WMC/MU/MU_results/MUsbj038.csv","update","1300","4","38","247598","248900"
"MU.osexp","C:\Users\Public\Experiments\SM01\05-WMC\MU","Tr6_update4.png","6","230872","C:/Users/Public/Experiments/SM01/05-WMC/MU/MU_results/MUsbj038.csv","update","1300","4","38","249231","250533"
"MU.osexp","C:\Users\Public\Experiments\SM01\05-WMC\MU","Tr6_update5.png","6","230872","C:/Users/Public/Experiments/SM01/05-WMC/MU/MU_results/MUsbj038.csv","update","1300","4","38","250862","252164"
"MU.osexp","C:\Users\Public\Experiments\SM01\05-WMC\MU","Tr6_test1.png","4","255424","C:/Users/Public/Experiments/SM01/05-WMC/MU/MU_results/MUsbj038.csv","test","0","4","38","252510","255425"
"MU.osexp","C:\Users\Public\Experiments\SM01\05-WMC\MU","Tr6_test2.png","6","258856","C:/Users/Public/Experiments/SM01/05-WMC/MU/MU_results/MUsbj038.csv","test","0","4","38","256537","258857"
"MU.osexp","C:\Users\Public\Experiments\SM01\05-WMC\MU","Tr6_test3.png","6","260384","C:/Users/Public/Experiments/SM01/05-WMC/MU/MU_results/MUsbj038.csv","test","0","4","38","259956","260385"
"MU.osexp","C:\Users\Public\Experiments\SM01\05-WMC\MU","Tr6_test4.png","8","261808","C:/Users/Public/Experiments/SM01/05-WMC/MU/MU_results/MUsbj038.csv","test","0","4","38","261500","261809"
"MU.osexp","C:\Users\Public\Experiments\SM01\05-WMC\MU","wait.png","8","261808","C:/Users/Public/Experiments/SM01/05-WMC/MU/MU_results/MUsbj038.csv","wait","5000","5","38","262908","261809"
"MU.osexp","C:\Users\Public\Experiments\SM01\05-WMC\MU","fixation.png","8","261808","C:/Users/Public/Experiments/SM01/05-WMC/MU/MU_results/MUsbj038.csv","fix","1500","5","38","268011","261809"
"MU.osexp","C:\Users\Public\Experiments\SM01\05-WMC\MU","Tr7_study1.png","8","261808","C:/Users/Public/Experiments/SM01/05-WMC/MU/MU_results/MUsbj038.csv","study","1000","5","38","269617","270619"
"MU.osexp","C:\Users\Public\Experiments\SM01\05-WMC\MU","Tr7_study2.png","8","261808","C:/Users/Public/Experiments/SM01/05-WMC/MU/MU_results/MUsbj038.csv","study","1000","5","38","270975","271977"
"MU.osexp","C:\Users\Public\Experiments\SM01\05-WMC\MU","Tr7_study3.png","8","261808","C:/Users/Public/Experiments/SM01/05-WMC/MU/MU_results/MUsbj038.csv","study","1000","5","38","272352","273354"
"MU.osexp","C:\Users\Public\Experiments\SM01\05-WMC\MU","Tr7_study4.png","8","261808","C:/Users/Public/Experiments/SM01/05-WMC/MU/MU_results/MUsbj038.csv","study","1000","5","38","273718","274720"
"MU.osexp","C:\Users\Public\Experiments\SM01\05-WMC\MU","Tr7_study5.png","8","261808","C:/Users/Public/Experiments/SM01/05-WMC/MU/MU_results/MUsbj038.csv","study","1000","5","38","275084","276086"
"MU.osexp","C:\Users\Public\Experiments\SM01\05-WMC\MU","Tr7_update1.png","8","261808","C:/Users/Public/Experiments/SM01/05-WMC/MU/MU_results/MUsbj038.csv","update","1300","5","38","276421","277723"
"MU.osexp","C:\Users\Public\Experiments\SM01\05-WMC\MU","Tr7_update2.png","8","261808","C:/Users/Public/Experiments/SM01/05-WMC/MU/MU_results/MUsbj038.csv","update","1300","5","38","278105","279406"
"MU.osexp","C:\Users\Public\Experiments\SM01\05-WMC\MU","Tr7_update3.png","8","261808","C:/Users/Public/Experiments/SM01/05-WMC/MU/MU_results/MUsbj038.csv","update","1300","5","38","279736","281038"
"MU.osexp","C:\Users\Public\Experiments\SM01\05-WMC\MU","Tr7_update4.png","8","261808","C:/Users/Public/Experiments/SM01/05-WMC/MU/MU_results/MUsbj038.csv","update","1300","5","38","281426","282728"
"MU.osexp","C:\Users\Public\Experiments\SM01\05-WMC\MU","Tr7_update5.png","8","261808","C:/Users/Public/Experiments/SM01/05-WMC/MU/MU_results/MUsbj038.csv","update","1300","5","38","283070","284372"
"MU.osexp","C:\Users\Public\Experiments\SM01\05-WMC\MU","Tr7_test1.png","5","286688","C:/Users/Public/Experiments/SM01/05-WMC/MU/MU_results/MUsbj038.csv","test","0","5","38","284747","286689"
"MU.osexp","C:\Users\Public\Experiments\SM01\05-WMC\MU","Tr7_test2.png","7","289567","C:/Users/Public/Experiments/SM01/05-WMC/MU/MU_results/MUsbj038.csv","test","0","5","38","287783","289568"
"MU.osexp","C:\Users\Public\Experiments\SM01\05-WMC\MU","Tr7_test3.png","1","291776","C:/Users/Public/Experiments/SM01/05-WMC/MU/MU_results/MUsbj038.csv","test","0","5","38","290673","291777"
"MU.osexp","C:\Users\Public\Experiments\SM01\05-WMC\MU","Tr7_test4.png","3","294008","C:/Users/Public/Experiments/SM01/05-WMC/MU/MU_results/MUsbj038.csv","test","0","5","38","292866","294009"
"MU.osexp","C:\Users\Public\Experiments\SM01\05-WMC\MU","Tr7_test5.png","7","295720","C:/Users/Public/Experiments/SM01/05-WMC/MU/MU_results/MUsbj038.csv","test","0","5","38","295093","295721"
"MU.osexp","C:\Users\Public\Experiments\SM01\05-WMC\MU","wait.png","7","295720","C:/Users/Public/Experiments/SM01/05-WMC/MU/MU_results/MUsbj038.csv","wait","5000","4","38","296816","295721"
"MU.osexp","C:\Users\Public\Experiments\SM01\05-WMC\MU","fixation.png","7","295720","C:/Users/Public/Experiments/SM01/05-WMC/MU/MU_results/MUsbj038.csv","fix","1500","4","38","301911","295721"
"MU.osexp","C:\Users\Public\Experiments\SM01\05-WMC\MU","Tr8_study1.png","7","295720","C:/Users/Public/Experiments/SM01/05-WMC/MU/MU_results/MUsbj038.csv","study","1000","4","38","303525","304527"
"MU.osexp","C:\Users\Public\Experiments\SM01\05-WMC\MU","Tr8_study2.png","7","295720","C:/Users/Public/Experiments/SM01/05-WMC/MU/MU_results/MUsbj038.csv","study","1000","4","38","304878","305880"
"MU.osexp","C:\Users\Public\Experiments\SM01\05-WMC\MU","Tr8_study3.png","7","295720","C:/Users/Public/Experiments/SM01/05-WMC/MU/MU_results/MUsbj038.csv","study","1000","4","38","306215","307217"
"MU.osexp","C:\Users\Public\Experiments\SM01\05-WMC\MU","Tr8_study4.png","7","295720","C:/Users/Public/Experiments/SM01/05-WMC/MU/MU_results/MUsbj038.csv","study","1000","4","38","307578","308580"
"MU.osexp","C:\Users\Public\Experiments\SM01\05-WMC\MU","Tr8_update1.png","7","295720","C:/Users/Public/Experiments/SM01/05-WMC/MU/MU_results/MUsbj038.csv","update","1300","4","38","308926","310228"
"MU.osexp","C:\Users\Public\Experiments\SM01\05-WMC\MU","Tr8_update2.png","7","295720","C:/Users/Public/Experiments/SM01/05-WMC/MU/MU_results/MUsbj038.csv","update","1300","4","38","310562","311864"
"MU.osexp","C:\Users\Public\Experiments\SM01\05-WMC\MU","Tr8_update3.png","7","295720","C:/Users/Public/Experiments/SM01/05-WMC/MU/MU_results/MUsbj038.csv","update","1300","4","38","312216","313518"
"MU.osexp","C:\Users\Public\Experiments\SM01\05-WMC\MU","Tr8_test1.png","2","322504","C:/Users/Public/Experiments/SM01/05-WMC/MU/MU_results/MUsbj038.csv","test","0","4","38","313911","322505"
"MU.osexp","C:\Users\Public\Experiments\SM01\05-WMC\MU","Tr8_test2.png","5","324639","C:/Users/Public/Experiments/SM01/05-WMC/MU/MU_results/MUsbj038.csv","test","0","4","38","323611","324640"
"MU.osexp","C:\Users\Public\Experiments\SM01\05-WMC\MU","Tr8_test3.png","9","326744","C:/Users/Public/Experiments/SM01/05-WMC/MU/MU_results/MUsbj038.csv","test","0","4","38","325718","326745"
"MU.osexp","C:\Users\Public\Experiments\SM01\05-WMC\MU","Tr8_test4.png","5","329736","C:/Users/Public/Experiments/SM01/05-WMC/MU/MU_results/MUsbj038.csv","test","0","4","38","327864","329737"
"MU.osexp","C:\Users\Public\Experiments\SM01\05-WMC\MU","wait.png","5","329736","C:/Users/Public/Experiments/SM01/05-WMC/MU/MU_results/MUsbj038.csv","wait","5000","5","38","330846","329737"
"MU.osexp","C:\Users\Public\Experiments\SM01\05-WMC\MU","fixation.png","5","329736","C:/Users/Public/Experiments/SM01/05-WMC/MU/MU_results/MUsbj038.csv","fix","1500","5","38","335956","329737"
"MU.osexp","C:\Users\Public\Experiments\SM01\05-WMC\MU","Tr9_study1.png","5","329736","C:/Users/Public/Experiments/SM01/05-WMC/MU/MU_results/MUsbj038.csv","study","1000","5","38","337574","338576"
"MU.osexp","C:\Users\Public\Experiments\SM01\05-WMC\MU","Tr9_study2.png","5","329736","C:/Users/Public/Experiments/SM01/05-WMC/MU/MU_results/MUsbj038.csv","study","1000","5","38","338944","339946"
"MU.osexp","C:\Users\Public\Experiments\SM01\05-WMC\MU","Tr9_study3.png","5","329736","C:/Users/Public/Experiments/SM01/05-WMC/MU/MU_results/MUsbj038.csv","study","1000","5","38","340256","341258"
"MU.osexp","C:\Users\Public\Experiments\SM01\05-WMC\MU","Tr9_study4.png","5","329736","C:/Users/Public/Experiments/SM01/05-WMC/MU/MU_results/MUsbj038.csv","study","1000","5","38","341608","342610"
"MU.osexp","C:\Users\Public\Experiments\SM01\05-WMC\MU","Tr9_study5.png","5","329736","C:/Users/Public/Experiments/SM01/05-WMC/MU/MU_results/MUsbj038.csv","study","1000","5","38","342967","343969"
"MU.osexp","C:\Users\Public\Experiments\SM01\05-WMC\MU","Tr9_update1.png","5","329736","C:/Users/Public/Experiments/SM01/05-WMC/MU/MU_results/MUsbj038.csv","update","1300","5","38","344302","345604"
"MU.osexp","C:\Users\Public\Experiments\SM01\05-WMC\MU","Tr9_update2.png","5","329736","C:/Users/Public/Experiments/SM01/05-WMC/MU/MU_results/MUsbj038.csv","update","1300","5","38","345985","347287"
"MU.osexp","C:\Users\Public\Experiments\SM01\05-WMC\MU","Tr9_test1.png","4","349472","C:/Users/Public/Experiments/SM01/05-WMC/MU/MU_results/MUsbj038.csv","test","0","5","38","347631","349473"
"MU.osexp","C:\Users\Public\Experiments\SM01\05-WMC\MU","Tr9_test2.png","6","354808","C:/Users/Public/Experiments/SM01/05-WMC/MU/MU_results/MUsbj038.csv","test","0","5","38","350565","354809"
"MU.osexp","C:\Users\Public\Experiments\SM01\05-WMC\MU","Tr9_test3.png","8","358528","C:/Users/Public/Experiments/SM01/05-WMC/MU/MU_results/MUsbj038.csv","test","0","5","38","356026","358528"
"MU.osexp","C:\Users\Public\Experiments\SM01\05-WMC\MU","Tr9_test4.png","7","363128","C:/Users/Public/Experiments/SM01/05-WMC/MU/MU_results/MUsbj038.csv","test","0","5","38","359639","363129"
"MU.osexp","C:\Users\Public\Experiments\SM01\05-WMC\MU","Tr9_test5.png","9","365872","C:/Users/Public/Experiments/SM01/05-WMC/MU/MU_results/MUsbj038.csv","test","0","5","38","364223","365873"
"MU.osexp","C:\Users\Public\Experiments\SM01\05-WMC\MU","wait.png","9","365872","C:/Users/Public/Experiments/SM01/05-WMC/MU/MU_results/MUsbj038.csv","wait","5000","3","38","366975","365873"
"MU.osexp","C:\Users\Public\Experiments\SM01\05-WMC\MU","fixation.png","9","365872","C:/Users/Public/Experiments/SM01/05-WMC/MU/MU_results/MUsbj038.csv","fix","1500","3","38","372084","365873"
"MU.osexp","C:\Users\Public\Experiments\SM01\05-WMC\MU","Tr10_study1.png","9","365872","C:/Users/Public/Experiments/SM01/05-WMC/MU/MU_results/MUsbj038.csv","study","1000","3","38","373699","374701"
"MU.osexp","C:\Users\Public\Experiments\SM01\05-WMC\MU","Tr10_study2.png","9","365872","C:/Users/Public/Experiments/SM01/05-WMC/MU/MU_results/MUsbj038.csv","study","1000","3","38","375061","376063"
"MU.osexp","C:\Users\Public\Experiments\SM01\05-WMC\MU","Tr10_study3.png","9","365872","C:/Users/Public/Experiments/SM01/05-WMC/MU/MU_results/MUsbj038.csv","study","1000","3","38","376414","377416"
"MU.osexp","C:\Users\Public\Experiments\SM01\05-WMC\MU","Tr10_update1.png","9","365872","C:/Users/Public/Experiments/SM01/05-WMC/MU/MU_results/MUsbj038.csv","update","1300","3","38","377770","379072"
"MU.osexp","C:\Users\Public\Experiments\SM01\05-WMC\MU","Tr10_update2.png","9","365872","C:/Users/Public/Experiments/SM01/05-WMC/MU/MU_results/MUsbj038.csv","update","1300","3","38","379401","380703"
"MU.osexp","C:\Users\Public\Experiments\SM01\05-WMC\MU","Tr10_test1.png","5","382640","C:/Users/Public/Experiments/SM01/05-WMC/MU/MU_results/MUsbj038.csv","test","0","3","38","381063","382641"
"MU.osexp","C:\Users\Public\Experiments\SM01\05-WMC\MU","Tr10_test2.png","2","385904","C:/Users/Public/Experiments/SM01/05-WMC/MU/MU_results/MUsbj038.csv","test","0","3","38","383725","385905"
"MU.osexp","C:\Users\Public\Experiments\SM01\05-WMC\MU","Tr10_test3.png","5","387384","C:/Users/Public/Experiments/SM01/05-WMC/MU/MU_results/MUsbj038.csv","test","0","3","38","387123","387385"
"MU.osexp","C:\Users\Public\Experiments\SM01\05-WMC\MU","wait.png","5","387384","C:/Users/Public/Experiments/SM01/05-WMC/MU/MU_results/MUsbj038.csv","wait","5000","5","38","388479","387385"
"MU.osexp","C:\Users\Public\Experiments\SM01\05-WMC\MU","fixation.png","5","387384","C:/Users/Public/Experiments/SM01/05-WMC/MU/MU_results/MUsbj038.csv","fix","1500","5","38","393562","387385"
"MU.osexp","C:\Users\Public\Experiments\SM01\05-WMC\MU","Tr11_study1.png","5","387384","C:/Users/Public/Experiments/SM01/05-WMC/MU/MU_results/MUsbj038.csv","study","1000","5","38","395175","396177"
"MU.osexp","C:\Users\Public\Experiments\SM01\05-WMC\MU","Tr11_study2.png","5","387384","C:/Users/Public/Experiments/SM01/05-WMC/MU/MU_results/MUsbj038.csv","study","1000","5","38","396511","397513"
"MU.osexp","C:\Users\Public\Experiments\SM01\05-WMC\MU","Tr11_study3.png","5","387384","C:/Users/Public/Experiments/SM01/05-WMC/MU/MU_results/MUsbj038.csv","study","1000","5","38","397859","398861"
"MU.osexp","C:\Users\Public\Experiments\SM01\05-WMC\MU","Tr11_study4.png","5","387384","C:/Users/Public/Experiments/SM01/05-WMC/MU/MU_results/MUsbj038.csv","study","1000","5","38","399204","400206"
"MU.osexp","C:\Users\Public\Experiments\SM01\05-WMC\MU","Tr11_study5.png","5","387384","C:/Users/Public/Experiments/SM01/05-WMC/MU/MU_results/MUsbj038.csv","study","1000","5","38","400555","401557"
"MU.osexp","C:\Users\Public\Experiments\SM01\05-WMC\MU","Tr11_update1.png","5","387384","C:/Users/Public/Experiments/SM01/05-WMC/MU/MU_results/MUsbj038.csv","update","1300","5","38","401921","403223"
"MU.osexp","C:\Users\Public\Experiments\SM01\05-WMC\MU","Tr11_update2.png","5","387384","C:/Users/Public/Experiments/SM01/05-WMC/MU/MU_results/MUsbj038.csv","update","1300","5","38","403565","404867"
"MU.osexp","C:\Users\Public\Experiments\SM01\05-WMC\MU","Tr11_update3.png","5","387384","C:/Users/Public/Experiments/SM01/05-WMC/MU/MU_results/MUsbj038.csv","update","1300","5","38","405244","406546"
"MU.osexp","C:\Users\Public\Experiments\SM01\05-WMC\MU","Tr11_test1.png","1","409248","C:/Users/Public/Experiments/SM01/05-WMC/MU/MU_results/MUsbj038.csv","test","0","5","38","406920","409249"
"MU.osexp","C:\Users\Public\Experiments\SM01\05-WMC\MU","Tr11_test2.png","7","411872","C:/Users/Public/Experiments/SM01/05-WMC/MU/MU_results/MUsbj038.csv","test","0","5","38","410352","411872"
"MU.osexp","C:\Users\Public\Experiments\SM01\05-WMC\MU","Tr11_test3.png","5","415904","C:/Users/Public/Experiments/SM01/05-WMC/MU/MU_results/MUsbj038.csv","test","0","5","38","412965","415905"
"MU.osexp","C:\Users\Public\Experiments\SM01\05-WMC\MU","Tr11_test4.png","6","417504","C:/Users/Public/Experiments/SM01/05-WMC/MU/MU_results/MUsbj038.csv","test","0","5","38","416993","417505"
"MU.osexp","C:\Users\Public\Experiments\SM01\05-WMC\MU","Tr11_test5.png","4","420104","C:/Users/Public/Experiments/SM01/05-WMC/MU/MU_results/MUsbj038.csv","test","0","5","38","418630","420105"
"MU.osexp","C:\Users\Public\Experiments\SM01\05-WMC\MU","wait.png","4","420104","C:/Users/Public/Experiments/SM01/05-WMC/MU/MU_results/MUsbj038.csv","wait","5000","3","38","421193","420105"
"MU.osexp","C:\Users\Public\Experiments\SM01\05-WMC\MU","fixation.png","4","420104","C:/Users/Public/Experiments/SM01/05-WMC/MU/MU_results/MUsbj038.csv","fix","1500","3","38","426288","420105"
"MU.osexp","C:\Users\Public\Experiments\SM01\05-WMC\MU","Tr12_study1.png","4","420104","C:/Users/Public/Experiments/SM01/05-WMC/MU/MU_results/MUsbj038.csv","study","1000","3","38","427877","428879"
"MU.osexp","C:\Users\Public\Experiments\SM01\05-WMC\MU","Tr12_study2.png","4","420104","C:/Users/Public/Experiments/SM01/05-WMC/MU/MU_results/MUsbj038.csv","study","1000","3","38","429227","430229"
"MU.osexp","C:\Users\Public\Experiments\SM01\05-WMC\MU","Tr12_study3.png","4","420104","C:/Users/Public/Experiments/SM01/05-WMC/MU/MU_results/MUsbj038.csv","study","1000","3","38","430610","431612"
"MU.osexp","C:\Users\Public\Experiments\SM01\05-WMC\MU","Tr12_update1.png","4","420104","C:/Users/Public/Experiments/SM01/05-WMC/MU/MU_results/MUsbj038.csv","update","1300","3","38","431947","433249"
"MU.osexp","C:\Users\Public\Experiments\SM01\05-WMC\MU","Tr12_update2.png","4","420104","C:/Users/Public/Experiments/SM01/05-WMC/MU/MU_results/MUsbj038.csv","update","1300","3","38","433598","434900"
"MU.osexp","C:\Users\Public\Experiments\SM01\05-WMC\MU","Tr12_update3.png","4","420104","C:/Users/Public/Experiments/SM01/05-WMC/MU/MU_results/MUsbj038.csv","update","1300","3","38","435254","436556"
"MU.osexp","C:\Users\Public\Experiments\SM01\05-WMC\MU","Tr12_update4.png","4","420104","C:/Users/Public/Experiments/SM01/05-WMC/MU/MU_results/MUsbj038.csv","update","1300","3","38","436923","438225"
"MU.osexp","C:\Users\Public\Experiments\SM01\05-WMC\MU","Tr12_update5.png","4","420104","C:/Users/Public/Experiments/SM01/05-WMC/MU/MU_results/MUsbj038.csv","update","1300","3","38","438586","439887"
"MU.osexp","C:\Users\Public\Experiments\SM01\05-WMC\MU","Tr12_test1.png","4","441624","C:/Users/Public/Experiments/SM01/05-WMC/MU/MU_results/MUsbj038.csv","test","0","3","38","440222","441625"
"MU.osexp","C:\Users\Public\Experiments\SM01\05-WMC\MU","Tr12_test2.png","4","447937","C:/Users/Public/Experiments/SM01/05-WMC/MU/MU_results/MUsbj038.csv","test","0","3","38","442719","447937"
"MU.osexp","C:\Users\Public\Experiments\SM01\05-WMC\MU","Tr12_test3.png","9","449384","C:/Users/Public/Experiments/SM01/05-WMC/MU/MU_results/MUsbj038.csv","test","0","3","38","449040","449385"
"MU.osexp","C:\Users\Public\Experiments\SM01\05-WMC\MU","wait.png","9","449384","C:/Users/Public/Experiments/SM01/05-WMC/MU/MU_results/MUsbj038.csv","wait","5000","3","38","450477","449385"
"MU.osexp","C:\Users\Public\Experiments\SM01\05-WMC\MU","fixation.png","9","449384","C:/Users/Public/Experiments/SM01/05-WMC/MU/MU_results/MUsbj038.csv","fix","1500","3","38","455570","449385"
"MU.osexp","C:\Users\Public\Experiments\SM01\05-WMC\MU","Tr13_study1.png","9","449384","C:/Users/Public/Experiments/SM01/05-WMC/MU/MU_results/MUsbj038.csv","study","1000","3","38","457177","458179"
"MU.osexp","C:\Users\Public\Experiments\SM01\05-WMC\MU","Tr13_study2.png","9","449384","C:/Users/Public/Experiments/SM01/05-WMC/MU/MU_results/MUsbj038.csv","study","1000","3","38","458519","459521"
"MU.osexp","C:\Users\Public\Experiments\SM01\05-WMC\MU","Tr13_study3.png","9","449384","C:/Users/Public/Experiments/SM01/05-WMC/MU/MU_results/MUsbj038.csv","study","1000","3","38","459877","460879"
"MU.osexp","C:\Users\Public\Experiments\SM01\05-WMC\MU","Tr13_update1.png","9","449384","C:/Users/Public/Experiments/SM01/05-WMC/MU/MU_results/MUsbj038.csv","update","1300","3","38","461227","462529"
"MU.osexp","C:\Users\Public\Experiments\SM01\05-WMC\MU","Tr13_update2.png","9","449384","C:/Users/Public/Experiments/SM01/05-WMC/MU/MU_results/MUsbj038.csv","update","1300","3","38","462878","464180"
"MU.osexp","C:\Users\Public\Experiments\SM01\05-WMC\MU","Tr13_update3.png","9","449384","C:/Users/Public/Experiments/SM01/05-WMC/MU/MU_results/MUsbj038.csv","update","1300","3","38","464533","465835"
"MU.osexp","C:\Users\Public\Experiments\SM01\05-WMC\MU","Tr13_update4.png","9","449384","C:/Users/Public/Experiments/SM01/05-WMC/MU/MU_results/MUsbj038.csv","update","1300","3","38","466183","467484"
"MU.osexp","C:\Users\Public\Experiments\SM01\05-WMC\MU","Tr13_test1.png","3","469552","C:/Users/Public/Experiments/SM01/05-WMC/MU/MU_results/MUsbj038.csv","test","0","3","38","467828","469553"
"MU.osexp","C:\Users\Public\Experiments\SM01\05-WMC\MU","Tr13_test2.png","1","471280","C:/Users/Public/Experiments/SM01/05-WMC/MU/MU_results/MUsbj038.csv","test","0","3","38","470654","471281"
"MU.osexp","C:\Users\Public\Experiments\SM01\05-WMC\MU","Tr13_test3.png","5","472656","C:/Users/Public/Experiments/SM01/05-WMC/MU/MU_results/MUsbj038.csv","test","0","3","38","472384","472657"
"MU.osexp","C:\Users\Public\Experiments\SM01\05-WMC\MU","wait.png","5","472656","C:/Users/Public/Experiments/SM01/05-WMC/MU/MU_results/MUsbj038.csv","wait","5000","5","38","473745","472657"
"MU.osexp","C:\Users\Public\Experiments\SM01\05-WMC\MU","fixation.png","5","472656","C:/Users/Public/Experiments/SM01/05-WMC/MU/MU_results/MUsbj038.csv","fix","1500","5","38","478843","472657"
"MU.osexp","C:\Users\Public\Experiments\SM01\05-WMC\MU","Tr14_study1.png","5","472656","C:/Users/Public/Experiments/SM01/05-WMC/MU/MU_results/MUsbj038.csv","study","1000","5","38","480446","481448"
"MU.osexp","C:\Users\Public\Experiments\SM01\05-WMC\MU","Tr14_study2.png","5","472656","C:/Users/Public/Experiments/SM01/05-WMC/MU/MU_results/MUsbj038.csv","study","1000","5","38","481805","482807"
"MU.osexp","C:\Users\Public\Experiments\SM01\05-WMC\MU","Tr14_study3.png","5","472656","C:/Users/Public/Experiments/SM01/05-WMC/MU/MU_results/MUsbj038.csv","study","1000","5","38","483168","484170"
"MU.osexp","C:\Users\Public\Experiments\SM01\05-WMC\MU","Tr14_study4.png","5","472656","C:/Users/Public/Experiments/SM01/05-WMC/MU/MU_results/MUsbj038.csv","study","1000","5","38","484506","485508"
"MU.osexp","C:\Users\Public\Experiments\SM01\05-WMC\MU","Tr14_study5.png","5","472656","C:/Users/Public/Experiments/SM01/05-WMC/MU/MU_results/MUsbj038.csv","study","1000","5","38","485862","486864"
"MU.osexp","C:\Users\Public\Experiments\SM01\05-WMC\MU","Tr14_update1.png","5","472656","C:/Users/Public/Experiments/SM01/05-WMC/MU/MU_results/MUsbj038.csv","update","1300","5","38","487240","488542"
"MU.osexp","C:\Users\Public\Experiments\SM01\05-WMC\MU","Tr14_update2.png","5","472656","C:/Users/Public/Experiments/SM01/05-WMC/MU/MU_results/MUsbj038.csv","update","1300","5","38","488899","490201"
"MU.osexp","C:\Users\Public\Experiments\SM01\05-WMC\MU","Tr14_update3.png","5","472656","C:/Users/Public/Experiments/SM01/05-WMC/MU/MU_results/MUsbj038.csv","update","1300","5","38","490547","491849"
"MU.osexp","C:\Users\Public\Experiments\SM01\05-WMC\MU","Tr14_update4.png","5","472656","C:/Users/Public/Experiments/SM01/05-WMC/MU/MU_results/MUsbj038.csv","update","1300","5","38","492221","493523"
"MU.osexp","C:\Users\Public\Experiments\SM01\05-WMC\MU","Tr14_test1.png","8","497240","C:/Users/Public/Experiments/SM01/05-WMC/MU/MU_results/MUsbj038.csv","test","0","5","38","493866","497241"
"MU.osexp","C:\Users\Public\Experiments\SM01\05-WMC\MU","Tr14_test2.png","7","499840","C:/Users/Public/Experiments/SM01/05-WMC/MU/MU_results/MUsbj038.csv","test","0","5","38","498345","499841"
"MU.osexp","C:\Users\Public\Experiments\SM01\05-WMC\MU","Tr14_test3.png","3","504296","C:/Users/Public/Experiments/SM01/05-WMC/MU/MU_results/MUsbj038.csv","test","0","5","38","500955","504297"
"MU.osexp","C:\Users\Public\Experiments\SM01\05-WMC\MU","Tr14_test4.png","5","506360","C:/Users/Public/Experiments/SM01/05-WMC/MU/MU_results/MUsbj038.csv","test","0","5","38","505400","506361"
"MU.osexp","C:\Users\Public\Experiments\SM01\05-WMC\MU","Tr14_test5.png","8","507776","C:/Users/Public/Experiments/SM01/05-WMC/MU/MU_results/MUsbj038.csv","test","0","5","38","507490","507777"
"MU.osexp","C:\Users\Public\Experiments\SM01\05-WMC\MU","wait.png","8","507776","C:/Users/Public/Experiments/SM01/05-WMC/MU/MU_results/MUsbj038.csv","wait","5000","4","38","508901","507777"
"MU.osexp","C:\Users\Public\Experiments\SM01\05-WMC\MU","fixation.png","8","507776","C:/Users/Public/Experiments/SM01/05-WMC/MU/MU_results/MUsbj038.csv","fix","1500","4","38","514000","507777"
"MU.osexp","C:\Users\Public\Experiments\SM01\05-WMC\MU","Tr15_study1.png","8","507776","C:/Users/Public/Experiments/SM01/05-WMC/MU/MU_results/MUsbj038.csv","study","1000","4","38","515615","516617"
"MU.osexp","C:\Users\Public\Experiments\SM01\05-WMC\MU","Tr15_study2.png","8","507776","C:/Users/Public/Experiments/SM01/05-WMC/MU/MU_results/MUsbj038.csv","study","1000","4","38","516993","517995"
"MU.osexp","C:\Users\Public\Experiments\SM01\05-WMC\MU","Tr15_study3.png","8","507776","C:/Users/Public/Experiments/SM01/05-WMC/MU/MU_results/MUsbj038.csv","study","1000","4","38","518331","519333"
"MU.osexp","C:\Users\Public\Experiments\SM01\05-WMC\MU","Tr15_study4.png","8","507776","C:/Users/Public/Experiments/SM01/05-WMC/MU/MU_results/MUsbj038.csv","study","1000","4","38","519698","520700"
"MU.osexp","C:\Users\Public\Experiments\SM01\05-WMC\MU","Tr15_update1.png","8","507776","C:/Users/Public/Experiments/SM01/05-WMC/MU/MU_results/MUsbj038.csv","update","1300","4","38","521034","522336"
"MU.osexp","C:\Users\Public\Experiments\SM01\05-WMC\MU","Tr15_update2.png","8","507776","C:/Users/Public/Experiments/SM01/05-WMC/MU/MU_results/MUsbj038.csv","update","1300","4","38","522680","523982"
"MU.osexp","C:\Users\Public\Experiments\SM01\05-WMC\MU","Tr15_update3.png","8","507776","C:/Users/Public/Experiments/SM01/05-WMC/MU/MU_results/MUsbj038.csv","update","1300","4","38","524336","525638"
"MU.osexp","C:\Users\Public\Experiments\SM01\05-WMC\MU","Tr15_update4.png","8","507776","C:/Users/Public/Experiments/SM01/05-WMC/MU/MU_results/MUsbj038.csv","update","1300","4","38","526004","527306"
"MU.osexp","C:\Users\Public\Experiments\SM01\05-WMC\MU","Tr15_update5.png","8","507776","C:/Users/Public/Experiments/SM01/05-WMC/MU/MU_results/MUsbj038.csv","update","1300","4","38","527641","528943"
"MU.osexp","C:\Users\Public\Experiments\SM01\05-WMC\MU","Tr15_update6.png","8","507776","C:/Users/Public/Experiments/SM01/05-WMC/MU/MU_results/MUsbj038.csv","update","1300","4","38","529313","530616"
"MU.osexp","C:\Users\Public\Experiments\SM01\05-WMC\MU","Tr15_test1.png","9","533496","C:/Users/Public/Experiments/SM01/05-WMC/MU/MU_results/MUsbj038.csv","test","0","4","38","530969","533497"
"MU.osexp","C:\Users\Public\Experiments\SM01\05-WMC\MU","Tr15_test2.png","6","536944","C:/Users/Public/Experiments/SM01/05-WMC/MU/MU_results/MUsbj038.csv","test","0","4","38","534593","536945"
"MU.osexp","C:\Users\Public\Experiments\SM01\05-WMC\MU","Tr15_test3.png","8","539312","C:/Users/Public/Experiments/SM01/05-WMC/MU/MU_results/MUsbj038.csv","test","0","4","38","538064","539313"
"MU.osexp","C:\Users\Public\Experiments\SM01\05-WMC\MU","Tr15_test4.png","5","542896","C:/Users/Public/Experiments/SM01/05-WMC/MU/MU_results/MUsbj038.csv","test","0","4","38","540425","542897"
"MU.osexp","C:\Users\Public\Experiments\SM01\05-WMC\MU","wait.png","5","542896","C:/Users/Public/Experiments/SM01/05-WMC/MU/MU_results/MUsbj038.csv","wait","5000","4","38","544001","542897"
"MU.osexp","C:\Users\Public\Experiments\SM01\05-WMC\MU","fixation.png","5","542896","C:/Users/Public/Experiments/SM01/05-WMC/MU/MU_results/MUsbj038.csv","fix","1500","4","38","549124","542897"
"MU.osexp","C:\Users\Public\Experiments\SM01\05-WMC\MU","Tr16_study1.png","5","542896","C:/Users/Public/Experiments/SM01/05-WMC/MU/MU_results/MUsbj038.csv","study","1000","4","38","550719","551721"
"MU.osexp","C:\Users\Public\Experiments\SM01\05-WMC\MU","Tr16_study2.png","5","542896","C:/Users/Public/Experiments/SM01/05-WMC/MU/MU_results/MUsbj038.csv","study","1000","4","38","552071","553073"
"MU.osexp","C:\Users\Public\Experiments\SM01\05-WMC\MU","Tr16_study3.png","5","542896","C:/Users/Public/Experiments/SM01/05-WMC/MU/MU_results/MUsbj038.csv","study","1000","4","38","553447","554449"
"MU.osexp","C:\Users\Public\Experiments\SM01\05-WMC\MU","Tr16_study4.png","5","542896","C:/Users/Public/Experiments/SM01/05-WMC/MU/MU_results/MUsbj038.csv","study","1000","4","38","554808","555810"
"MU.osexp","C:\Users\Public\Experiments\SM01\05-WMC\MU","Tr16_update1.png","5","542896","C:/Users/Public/Experiments/SM01/05-WMC/MU/MU_results/MUsbj038.csv","update","1300","4","38","556190","557492"
"MU.osexp","C:\Users\Public\Experiments\SM01\05-WMC\MU","Tr16_update2.png","5","542896","C:/Users/Public/Experiments/SM01/05-WMC/MU/MU_results/MUsbj038.csv","update","1300","4","38","557857","559159"
"MU.osexp","C:\Users\Public\Experiments\SM01\05-WMC\MU","Tr16_test1.png","8","562736","C:/Users/Public/Experiments/SM01/05-WMC/MU/MU_results/MUsbj038.csv","test","0","4","38","559530","562737"
"MU.osexp","C:\Users\Public\Experiments\SM01\05-WMC\MU","Tr16_test2.png","7","567320","C:/Users/Public/Experiments/SM01/05-WMC/MU/MU_results/MUsbj038.csv","test","0","4","38","563917","567321"
"MU.osexp","C:\Users\Public\Experiments\SM01\05-WMC\MU","Tr16_test3.png","5","570225","C:/Users/Public/Experiments/SM01/05-WMC/MU/MU_results/MUsbj038.csv","test","0","4","38","568426","570225"
"MU.osexp","C:\Users\Public\Experiments\SM01\05-WMC\MU","Tr16_test4.png","6","571537","C:/Users/Public/Experiments/SM01/05-WMC/MU/MU_results/MUsbj038.csv","test","0","4","38","571311","571537"
"MU.osexp","C:\Users\Public\Experiments\SM01\05-WMC\MU","wait.png","6","571537","C:/Users/Public/Experiments/SM01/05-WMC/MU/MU_results/MUsbj038.csv","wait","5000","5","38","572655","571537"
"MU.osexp","C:\Users\Public\Experiments\SM01\05-WMC\MU","fixation.png","6","571537","C:/Users/Public/Experiments/SM01/05-WMC/MU/MU_results/MUsbj038.csv","fix","1500","5","38","577754","571537"
"MU.osexp","C:\Users\Public\Experiments\SM01\05-WMC\MU","Tr17_study1.png","6","571537","C:/Users/Public/Experiments/SM01/05-WMC/MU/MU_results/MUsbj038.csv","study","1000","5","38","579386","580388"
"MU.osexp","C:\Users\Public\Experiments\SM01\05-WMC\MU","Tr17_study2.png","6","571537","C:/Users/Public/Experiments/SM01/05-WMC/MU/MU_results/MUsbj038.csv","study","1000","5","38","580729","581731"
"MU.osexp","C:\Users\Public\Experiments\SM01\05-WMC\MU","Tr17_study3.png","6","571537","C:/Users/Public/Experiments/SM01/05-WMC/MU/MU_results/MUsbj038.csv","study","1000","5","38","582096","583098"
"MU.osexp","C:\Users\Public\Experiments\SM01\05-WMC\MU","Tr17_study4.png","6","571537","C:/Users/Public/Experiments/SM01/05-WMC/MU/MU_results/MUsbj038.csv","study","1000","5","38","583430","584432"
"MU.osexp","C:\Users\Public\Experiments\SM01\05-WMC\MU","Tr17_study5.png","6","571537","C:/Users/Public/Experiments/SM01/05-WMC/MU/MU_results/MUsbj038.csv","study","1000","5","38","584769","585771"
"MU.osexp","C:\Users\Public\Experiments\SM01\05-WMC\MU","Tr17_update1.png","6","571537","C:/Users/Public/Experiments/SM01/05-WMC/MU/MU_results/MUsbj038.csv","update","1300","5","38","586124","587426"
"MU.osexp","C:\Users\Public\Experiments\SM01\05-WMC\MU","Tr17_update2.png","6","571537","C:/Users/Public/Experiments/SM01/05-WMC/MU/MU_results/MUsbj038.csv","update","1300","5","38","587773","589075"
"MU.osexp","C:\Users\Public\Experiments\SM01\05-WMC\MU","Tr17_update3.png","6","571537","C:/Users/Public/Experiments/SM01/05-WMC/MU/MU_results/MUsbj038.csv","update","1300","5","38","589415","590717"
"MU.osexp","C:\Users\Public\Experiments\SM01\05-WMC\MU","Tr17_update4.png","6","571537","C:/Users/Public/Experiments/SM01/05-WMC/MU/MU_results/MUsbj038.csv","update","1300","5","38","591093","592395"
"MU.osexp","C:\Users\Public\Experiments\SM01\05-WMC\MU","Tr17_update5.png","6","571537","C:/Users/Public/Experiments/SM01/05-WMC/MU/MU_results/MUsbj038.csv","update","1300","5","38","592759","594061"
"MU.osexp","C:\Users\Public\Experiments\SM01\05-WMC\MU","Tr17_update6.png","6","571537","C:/Users/Public/Experiments/SM01/05-WMC/MU/MU_results/MUsbj038.csv","update","1300","5","38","594427","595729"
"MU.osexp","C:\Users\Public\Experiments\SM01\05-WMC\MU","Tr17_test1.png","6","598024","C:/Users/Public/Experiments/SM01/05-WMC/MU/MU_results/MUsbj038.csv","test","0","5","38","596100","598025"
"MU.osexp","C:\Users\Public\Experiments\SM01\05-WMC\MU","Tr17_test2.png","4","601512","C:/Users/Public/Experiments/SM01/05-WMC/MU/MU_results/MUsbj038.csv","test","0","5","38","599138","601513"
"MU.osexp","C:\Users\Public\Experiments\SM01\05-WMC\MU","Tr17_test3.png","6","603768","C:/Users/Public/Experiments/SM01/05-WMC/MU/MU_results/MUsbj038.csv","test","0","5","38","602624","603769"
"MU.osexp","C:\Users\Public\Experiments\SM01\05-WMC\MU","Tr17_test4.png","9","605217","C:/Users/Public/Experiments/SM01/05-WMC/MU/MU_results/MUsbj038.csv","test","0","5","38","604853","605218"
"MU.osexp","C:\Users\Public\Experiments\SM01\05-WMC\MU","Tr17_test5.png","1","607089","C:/Users/Public/Experiments/SM01/05-WMC/MU/MU_results/MUsbj038.csv","test","0","5","38","606336","607089"
